GDP,HOUS_SAV,GDP_ID,TAX_REV,TAX_INC,SOC_CON,POP_TER,COST_STARTUP,ADJ_NET_INC,UNEMPLOY,TEA,TEAF
41723.84483,1.5,1.2,34.401,7.617,11.643,44.25,3.9,23216.4,14.10602,6.15,0.94
40542.18459,1.517563916,1.243228001,34.401,7.617,11.643,44.259609,4,23216.4,15.25788,6.39,0.89
39626.84667,1.150234434,1.210406265,33.683,7.343,11.455,42.644691,4.3,23216.4,17.22489,6.19,0.82
37309.86592,2.827930347,1.19047619,33.29,7.109,11.284,40.980919,4.3,22018.8,19.63388,5.23,0.81
34938.58146,3.032657614,1.222357297,33.627,7.181,11.27,40.959778,4.4,21307.2,22.05655,5.7,0.79
33544.35201,2.14363402,1.242131185,33.593,7.557,11.511,41.477402,4.5,24176.8,24.44284,5.47,0.72
32452.65968,3.861528187,1.275231392,32.914,7.494,11.28,41.089592,5,23746.4,26.0919,5.21,0.67
31724.63151,2.095337455,1.298770225,32.129,7.417,11.48,40.386406,4.7,23291.9,24.78815,5.7,0.54
31872.36309,5.783668271,1.333407404,31.174,7.131,11.74,40.311493,4.7,25696.6,21.39048,5.81,0.64
31713.6969,4.938832859,1.359963886,31.211,6.834,11.705,40.312317,15.1,25097.8,19.8598,4.31,0.59
32120.08031,6.833782011,1.363636217,29.708,6.541,11.793,39.458729,15,26397.5,17.85731,5.1,0.62
33242.24543,2.964262937,1.324997724,32.105,6.938,11.792,40.047447,14.9,29024.3,11.2443,7.03,0.74
32429.20399,0.667466879,1.240528758,36.358,7.428,11.764,40.025246,15.1,26876.5,8.231978,7.62,0.56
30708.61697,2.272237015,1.177022035,35.932,6.898,11.752,40.32674,16.2,23671,8.454682,7.27,0.65
27600.93718,4.175568866,1.099562628,35.143,6.44,11.754,40.703537,16.5,22186.7,9.151379,5.65,0.58
26158.15321,4.993926741,1.040886185,34.099,6.243,11.785,38.99802,17,21086.5,10.96565,5.15,0.39
25013.67592,7.019379674,1.023729785,33.124,6.172,11.766,37.90205,16.8,18313.3,11.48588,6.65,0.43
24376.32871,6.031331648,0.959711668,33.227,6.678,11.715,37.484509,16.8,14468.6,11.44908,4.59,0.39
23006.50386,6.407824728,0.888333692,32.838,6.496,11.753,35.42757,16.8,13059.5,10.54965,6.32,0.71
43889.22045,2.451367774,1.392397362,42.051,10.77,13.093,27.726679,13.8,26537.35914,9.951369,2.79,0.6
42790.06019,2.451367774,1.392397362,42.051,10.77,13.093,27.726679,14.1,26537.35914,10.60792,4.18,0.51
41784.60378,2.537352202,1.370126992,42.133,10.823,12.772,26.816479,14.1,26537.35914,11.21117,4.28,0.38
39922.93321,3.009655481,1.366580991,42.307,10.872,12.774,25.584146,14.3,25361.60232,11.68803,4.42,0.59
36909.29684,2.886275512,1.33850443,42.901,11.175,12.976,25.149963,14.4,24511.37283,11.89388,4.87,0.43
36194.91667,3.691162023,1.338404821,43.474,11.231,12.929,24.158854,14.8,28875.13354,12.6798,4.42,0.55
36067.70734,3.293195942,1.301074753,44.05,11.591,13.116,22.744907,14.7,28810.48189,12.14521,3.43,0.43
36002.9087,1.473489246,1.262190426,43.917,11.631,13.073,22.250719,14.7,28361.44912,10.65126,4.32,0.51
36183.31603,3.407330167,1.201548465,41.925,11.042,12.925,20.983423,18.4,31385.78409,8.353756,2.35,0.74
34857.26656,3.934528692,1.217970018,41.876,11.25,13.033,20.719744,18.7,29459.5333,8.359172,2.35,0.74
34355.46446,6.759785203,1.217874664,42.087,11.172,13.201,20.160688,18,30490.16397,7.747658,3.72,0.33
35274.31272,7.381854247,1.159724428,41.737,11.2,12.954,19.90484,18.5,33639.29645,6.723351,4.62,0.44
33903.20805,7.814969675,1.128991247,41.7,10.695,12.474,18.863468,18.7,31684.7099,6.075274,5.01,0.49
32256.66822,8.304862878,1.084011276,40.574,10.272,11.976,17.283623,20,28289.98562,6.775816,3.47,0.79
30016.1557,8.904199665,1.044351322,39.149,9.938,12.04,16.105026,20.7,27098.2098,7.728764,4.94,0.6
29446.50434,9.487950009,1.050251357,39.332,10.012,11.86,14.792785,21.4,26419.50459,7.998679,4.32,0.36
29114.55419,9.075146774,1.058942569,40.068,10.086,11.818,12.695857,22.1,23047.83203,8.672171,3.11,0.95
28716.19717,9.571983166,1.081237087,39.751,10.117,11.668,12.461238,22.1,18702.24227,9.007127,5.74,0.52
28042.91591,8.828816888,1.040703705,40.297,10.293,11.491,11.754972,22.1,17335.90371,9.524396,9.11,0.97
35954.21895,-2.41885605,1.350229144,35.393,6.605,9.491,27.726679,1.9,17188.4208,6.463448,12.89,0.62
34340.771,-2.41885605,1.350229144,35.393,6.605,9.491,27.726679,2,17188.4208,6.994051,8.15,0.59
33086.07203,-2.241421702,1.319283663,34.441,6.481,9.223,26.816479,2.1,17188.4208,8.870407,8.15,0.59
31604.41753,-1.305544646,1.280749327,34.124,6.764,9.072,25.584146,2.1,16113.1282,11.06846,8.15,0.59
29668.80416,-1.191869389,1.243297938,34.447,7.313,9,25.149963,2.2,15402.14771,12.44469,9.49,0.54
28742.31313,-1.417590323,1.289916954,34.255,7.697,8.999,24.158854,2.3,17837.50019,13.89509,9.97,0.72
27936.0063,1.645299125,1.3246765,34.073,7.705,8.891,22.744907,2.4,17514.63993,16.1838,8.25,0.54
26438.14047,2.068462638,1.378605993,31.779,5.814,8.683,22.250719,2.3,16321.58031,15.53028,7.67,0.66
26769.42769,0.60741232,1.457413801,32.329,5.964,8.895,20.983423,2.3,18568.61962,12.68106,7.54,0.45
27280.17471,1.572311444,1.535294716,30.405,5.357,8.59,20.719744,6.5,17861.8235,10.76982,4.4,0.51
26484.47931,4.067742593,1.580011399,29.914,5.53,8.549,20.160688,6.4,18263.88094,9.432886,8.78,0.51
26665.77158,-0.86949069,1.443347158,31.73,5.414,8.369,19.90484,6.5,19697.63272,7.551991,8.78,0.51
25706.28397,-0.399222918,1.124170485,31.817,5.34,8.135,18.863468,6.7,18411.57318,7.963667,8.78,0.51
24652.92016,0.835053618,0.954479504,31.331,5.145,8.091,17.283623,7.9,15947.44292,7.647437,3.85,0.98
22725.35161,2.764203711,0.757547228,30.807,5.077,8.19,16.105026,13.4,15402.21966,7.580669,3.85,0.98
21458.28005,4.071028495,0.729299234,30.15,5.032,8.101,14.792785,13.5,14820.29727,6.622547,3.85,0.98
20828.35733,5.611221721,0.698018754,31.339,5.222,8.46,12.695857,12,13048.44975,6.264945,6.61,0.39
20356.72156,6.21946348,0.721834883,31.247,5.229,8.233,12.461238,12,10638.12488,4.993313,6.61,0.39
19533.29592,6.383318162,0.764818032,30.821,5.426,8.177,11.754972,12,9653.228151,4.008832,6.61,0.39
90140.76426,5.778900544,1.146469807,22.317,6.99,3.785,56.174488,0.1,37988.28351,4.951043,12.41,0.57
84575.4373,5.778900544,1.146469807,22.317,6.99,3.785,56.174488,0.1,37988.28351,5.738596,9.64,0.63
78211.41046,5.968730044,1.168918474,22.521,7.026,3.85,53.473541,0.1,37988.28351,6.71373,8.93,0.54
72017.75524,3.249227624,1.168918474,23.362,7.366,3.945,52.004166,0.2,37043.51184,8.37511,10.88,0.5
69147.02906,3.87467295,1.182669287,23.078,7.292,3.888,52.004166,0.2,34295.07959,9.909575,9.33,0.44
51125.9233,3.284165703,1.523067224,28.49,9.099,4.933,50.768299,0.2,38773.82086,11.85948,6.53,0.48
47936.3887,4.815053022,1.565802252,28.269,9.019,5.02,51.073551,0.3,35990.78919,13.73561,9.25,0.53
46277.63171,6.546126452,1.561192197,27.574,8.933,4.851,49.205013,0.3,32476.6804,15.44939,6.15,0.48
44870.46334,3.806038036,1.560584767,27.449,8.536,5.297,47.42931,0.4,34894.67632,15.35064,7.25,0.41
43331.07157,7.679519528,1.591527086,27.014,8.103,5.033,48.32497,0.4,33811.35879,14.53227,6.76,0.41
41618.62664,9.594441059,1.608199395,27.336,8.317,5.183,47.530376,0.3,36047.54943,12.60812,7.59,0.36
44219.77588,4.777923812,1.387662099,28.462,8.556,4.437,45.064747,0.3,44588.3435,6.773265,7.59,0.36
46743.13639,-0.970007016,1.233252903,30.39,9.192,4.121,44.087189,0.3,44606.07975,4.979443,8.22,0.56
44236.51443,-0.68874462,1.198364926,30.835,9.108,3.866,42.462822,0.3,39792.3285,4.411824,7.35,0.4
40437.08088,1.53738077,1.19280564,29.403,8.56,3.83,40.673939,5.3,37224.47968,4.338238,9.83,0.39
38697.38473,0.93721565,1.17865714,28.947,8.495,3.815,39.63393,10.3,35048.57372,4.538512,7.7,0.48
36234.03884,0.214728362,1.124517077,27.869,7.913,3.681,37.062382,10.4,30588.98264,4.737063,8.1,0.29
35212.94778,-0.560703781,1.056052088,27.287,7.628,3.69,35.213902,10.4,23466.34906,4.443757,9.14,0.45
32566.89489,1.135719962,1.053061869,28.611,8.867,3.752,33.406429,10.4,20844.63303,3.914628,11.37,0.43
55737.44284,10.95338456,3.132667737,38.187,10.373,14.391,32.281734,6.5,37791.48357,3.139417,7.63,0.6
54456.78393,10.95338456,3.132667737,38.187,10.373,14.391,32.281734,6.5,37791.48357,3.38409,4.97,0.5
53011.74246,10.42246443,3.067917512,37.569,10.193,14.233,31.308737,6.5,37791.48357,3.746631,5.28,0.59
50564.04928,10.15356917,2.940989622,37.416,9.932,14.084,30.527618,6.8,35796.37979,4.122733,4.56,0.52
47683.5473,10.06169524,2.930025346,36.978,9.802,13.928,29.588667,6.7,34943.00595,4.624955,4.7,0.54
47011.2804,9.836057068,2.877840495,36.675,9.612,13.873,28.422802,6.9,40589.06727,4.981592,5.27,0.61
44993.66784,9.288798546,2.835986547,36.77,9.57,13.88,29.995255,8.8,39257.73989,5.231962,4.98,0.65
43359.54105,9.651677002,2.881655551,36.392,9.374,13.903,28.956329,4.8,37241.18439,5.380757,5.34,0.5
42541.51313,10.02051496,2.805546283,35.703,8.829,13.763,27.67141,4.6,39671.91268,5.827424,5.62,0.66
39703.55809,10.30662644,2.730237388,35.01,8.503,13.719,26.133959,4.8,35069.50969,6.967637,4.17,0.54
37501.12756,10.37425114,2.742662559,36.081,9.089,13.928,25.655298,4.7,34924.45517,7.743155,4.1,0.81
38432.44821,10.91163527,2.615133026,35.409,9.38,12.9,23.916872,5.6,38244.2922,7.527764,3.77,0.84
36820.15324,10.69522609,2.460480567,34.892,8.708,12.756,22.62182,5.7,35350.97743,8.66153,4.21,0.45
34624.96888,10.63636523,2.472315478,34.493,8.357,13.215,21.983997,5.1,30860.69576,10.25272,4.21,0.45
32236.74099,10.56261938,2.441928279,33.874,7.808,13.486,22.494616,4.7,29096.59256,11.16768,5.09,0.61
31712.91741,10.62396965,2.43518833,33.865,7.756,13.743,22.942751,5.9,28588.36368,9.793687,4.4,0.42
30236.40389,10.55135674,2.474613872,34.613,8.268,14.021,21.799734,5.9,24843.92577,9.637083,5.22,0.47
29504.28924,10.08373206,2.436220998,34.386,8.634,13.848,21.739561,5.9,20561.52149,8.653863,5.16,0.49
28670.65653,9.992706696,2.40437244,35.01,9.497,13.918,21.779524,5.9,19439.79855,7.836031,6.28,0.44
47823.0485,8.378602285,2.200024606,46.095,9.473,16.088,46.937691,0.7,32671.75509,8.443416,6.13,0.75
46242.46247,8.378602285,2.200024606,46.095,9.473,16.088,46.937691,0.7,32671.75509,9.016774,6.13,0.75
44651.36445,8.1268845,2.205574836,46.117,8.568,16.773,44.34428,0.7,32671.75509,9.406466,3.92,0.44
42853.53936,8.1829446,2.222383891,45.374,8.558,16.698,44.036968,0.7,31055.08234,10.03868,5.32,0.47
40840.8483,8.328067581,2.267030775,45.281,8.511,16.735,44.687599,0.7,30857.68707,10.35453,5.34,0.6
40144.05949,8.855639754,2.27591667,45.449,8.49,16.93,44.726288,0.8,36130.04873,10.29171,5.34,0.6
39528.47364,8.521583715,2.237025131,45.367,8.433,16.749,44.055721,0.9,35808.93088,9.921325,4.57,0.5
37684.19807,9.997338432,2.227065823,44.36,8.028,16.464,42.909988,0.9,34367.52343,9.399351,5.17,0.63
37447.94954,9.943343678,2.191614526,43.334,7.43,16.248,42.988277,0.9,37180.50512,8.811044,5.73,0.34
35936.04187,10.45313145,2.178573219,42.145,7.179,16.125,42.87175,0.9,34311.51773,8.871792,5.83,0.68
34719.50499,10.59429219,2.21206518,41.528,7.143,16.295,43.149895,0.9,34915.31018,8.735972,4.35,0.3
35102.87043,9.251107216,2.061169195,42.332,7.352,15.748,40.825264,1,38654.2053,7.062972,5.64,0.41
34092.91957,9.432270667,2.024512996,42.545,7.238,15.747,41.444328,1.1,35595.57423,7.658579,3.17,0.53
32435.70292,9.046191426,2.050937992,43.273,7.542,15.985,41.416058,1.1,31241.34843,8.449007,4.39,0.4
30504.05878,8.501870804,2.051505823,42.904,7.718,15.839,39.776222,1.2,29815.19373,8.493855,5.35,0.45
29038.69886,9.648766573,2.094612844,42.413,7.196,15.711,38.220337,1.1,29059.46936,8.468398,6.03,0.46
28146.37925,9.598708181,2.119937208,42.239,7.35,15.919,37.855179,1.4,25352.61143,8.099563,1.63,0.95
62852.65823,7.958363289,2.825785707,24.33,9.908,6.106,49.373737,1,51484.94124,3.666667,17.42,0.91
62852.65823,7.958363289,2.825785707,24.33,9.908,6.106,49.373737,1,51484.94124,3.9,15.59,0.77
59984.09391,7.187550477,2.812501025,26.78,10.377,6.171,47.757,1.1,51484.94124,4.35,13.64,0.64
57884.49107,6.994919017,2.760293326,25.872,10.392,6.164,47.521809,1.1,49478.66778,4.866667,12.63,0.71
56770.41735,7.865943452,2.716597951,26.148,10.565,6.179,46.517712,1.1,49173.44947,5.291667,11.88,0.63
54993.16949,7.587876283,2.718388695,25.927,10.124,6.145,45.663815,1.2,47837.56796,6.166667,13.81,0.68
53045.94512,6.612685931,2.70972319,25.569,9.914,6.137,44.779469,1.2,45734.87711,7.375,12.73,0.69
51540.96832,9.1427385,2.681662112,24,9.237,5.435,44.042595,1.2,44822.1606,8.066667,12.84,0.69
49810.69951,7.395789277,2.765254833,23.849,9.264,5.451,43.132984,1.2,42551.14014,8.95,12.34,0.73
48395.80347,6.780291919,2.735402732,23.46,8.159,6.119,42.310982,1.2,40911.95717,9.616667,7.59,0.86
47028.1604,6.342366477,2.812699236,22.957,7.878,6.245,41.056328,1.2,39399.2691,9.266666,7.96,0.58
48311.2237,5.179323016,2.767907906,25.742,10.179,6.322,41.564896,1.2,40434.22882,5.775,10.76,0.7
47902.06035,3.878447848,2.631605897,26.769,10.235,6.278,40.386425,1.2,40672.60019,4.616667,9.61,0.6
46230.8462,3.997701711,2.557640249,26.777,9.727,6.321,39.239269,1.2,39790.85077,4.616667,10.03,0.58
44043.73414,3.280653368,2.516968141,26.102,9.189,6.377,39.363441,1.2,37619.95384,5.066667,12.44,0.63
41647.84391,5.345121261,2.502429643,24.769,8.47,6.501,39.042027,1.2,35784.99783,5.533333,11.27,0.9
39426.08714,5.753869391,2.564546092,24.48,8.646,6.532,38.652836,1.2,33837.16083,5.991667,11.85,0.52
37979.60793,6.060324346,2.559256605,24.994,9.507,6.617,39.336624,1.2,32662.16383,5.775,10.62,0.64
37099.9106,5.251511278,2.648296295,27.261,11.598,6.69,38.717625,1.2,32070.82016,4.733333,11.07,0.68
50966.77599,1.49429742,1.541347399,32.991,12.027,4.615,61.754246,0.3,36802.07309,5.658333,18.16,0.71
50077.78671,1.49429742,1.562870977,32.991,12.027,4.615,61.754246,0.3,36802.07309,5.833333,18.71,0.83
48633.83615,1.965966382,1.668856344,32.813,11.725,4.639,60.916767,0.3,36802.07309,6.341667,18.75,0.66
46480.50132,1.681647953,1.728728459,33.172,11.862,4.879,60.582603,0.4,34201.63935,6.991667,16.72,0.66
44671.4095,4.226626249,1.693242854,32.82,12.073,4.842,59.182831,0.4,35162.08491,6.908333,14.72,0.84
45753.78294,3.691303649,1.714172855,31.266,11.355,4.68,57.725277,0.4,41307.976,6.908333,13.04,0.61
44298.51446,4.947907927,1.705404188,31.132,11.253,4.752,57.603394,0.4,42650.04721,7.083333,12.19,0.68
42290.87908,4.937873652,1.772328277,31.177,11.354,4.699,57.056797,0.4,42696.49321,7.291667,7.12,0.73
41666.71885,4.354599835,1.787140592,30.803,11.109,4.538,56.40131,0.4,42189.913,7.525,7.12,0.73
40113.52698,4.440903444,1.825277543,31.007,10.858,4.609,56.169838,0.4,38427.36803,8.058333,7.12,0.73
38893.17914,4.69159156,1.917415394,32.346,11.716,4.861,55.780476,0.4,32883.99029,8.35,7.12,0.73
40376.33017,3.428922342,1.855777859,31.235,11.776,4.521,55.619267,0.4,37735.73791,6.141667,7.12,0.73
39554.85212,2.269736999,1.903577511,32.495,12.045,4.673,55.674667,0.8,36272.00856,6.05,7.12,0.73
38106.95955,2.735295854,1.94299895,32.725,11.62,4.768,54.622643,0.8,32803.91151,6.333333,7.12,0.73
36327.66206,1.618278165,1.971243467,32.661,11.593,4.821,53.694931,0.9,29559.95281,6.758333,9.28,0.42
33911.26138,2.710152548,1.997333295,32.713,11.33,4.887,53.197052,0.9,25942.07004,7.191667,8.85,0.53
32333.57544,2.139045288,1.967807056,32.7,11.223,5.057,53.179329,0.6,22832.11148,7.575,8.28,0.49
30963.22201,3.145253555,1.971694588,33.081,11.619,5.033,51.629013,0.6,19553.40346,7.675,9.51,0.51
30214.48058,4.986054542,2.021156042,34.086,12.75,4.838,50.856735,0.6,18966.02007,7.216667,10.27,0.63
45987.961,-0.332986938,1.646113975,33.267,9.053,6.372,51.624851,0,34170.56251,4.330292,8.4,0.46
44138.04321,1.738754862,1.660232957,32.726,8.969,6.189,51.775383,0,34430.33556,4.809951,8.8,0.47
42522.18384,4.728268704,1.649854765,32.157,8.908,6.017,49.943413,0.1,37867.41769,5.301053,6.93,0.53
41269.35163,4.095814604,1.643404491,31.823,8.681,5.917,49.185982,0.1,39971.56127,6.110472,10.66,0.55
39984.88504,3.455436852,1.620276874,32.2,8.889,6.023,48.31358,0.3,36538.23564,7.525075,7.14,0.63
38309.02831,4.347209074,1.577157554,32.406,8.9,6.157,47.860847,0.3,36083.52447,7.885344,8.98,0.54
37146.17327,4.89815929,1.649594164,33.133,9.301,6.168,46.910782,0.7,36364.55421,8.036686,7.29,0.56
36371.61827,7.280779355,1.645643029,32.387,9.261,6.132,46.046906,0.7,33896.39243,7.786648,6.42,0.52
35038.59208,6.818294038,1.671246986,31.225,9.487,6.144,45.283749,0.7,33142.25854,7.536723,5.74,0.47
36650.10126,3.789224784,1.612724766,32.298,9.781,6.224,43.337868,0.8,40623.67475,5.61258,5.91,0.46
35599.40067,4.955977842,1.612885424,32.966,9.806,6.047,43.08427,0.8,44086.21356,5.262478,5.53,0.49
34772.47846,3.431339974,1.57317365,32.903,9.515,6.109,41.8297,0.7,38764.43592,5.348789,5.76,0.46
32661.84799,3.503796454,1.552789782,32.676,9.371,6.082,35.345379,0.7,37197.95888,4.74926,6.19,0.43
31984.97095,3.684897285,1.533798238,32.283,9.115,6.034,34.897144,0.9,35340.99567,4.690948,6.25,0.46
30267.42738,3.682776547,1.582386594,31.272,8.925,5.715,33.321693,1,30111.60841,4.966743,6.35,0.43
46214.08221,5.526058377,2.428165588,44.725,12.619,14.261,43.144318,5,32405.96174,8.481071,6.24,0.66
44929.93333,6.405556126,2.370016325,45.07,12.966,14.27,44.239079,5.2,38400.62075,8.52289,5.4,0.41
43672.71229,6.579136425,2.330725158,45.106,12.864,14.364,42.663147,5.3,38281.73306,8.425185,4.92,0.54
40943.34348,8.349677754,2.173324418,43.141,12.153,13.972,42.455688,5.5,38918.80983,7.139795,5.69,0.66
39865.2054,9.25756708,2.061876394,42.621,12.039,13.817,43.801159,5.7,37246.55427,8.293048,3.67,0.83
37787.57778,12.1672895,1.998598447,42.37,12.041,14.139,42.484257,5.6,36207.84032,7.906314,3.51,0.56
37883.23342,11.88596584,1.936839386,43.25,12.309,13.641,42.271435,5.5,40516.28062,6.970808,2.85,0.41
36751.93089,11.23807433,1.849994631,42.72,11.884,13.245,41.339031,5.6,36992.57571,7.459264,3.15,0.46
35216.52687,10.85632649,1.822692776,42.96,12.038,13.144,41.863441,5.8,32358.9915,8.249064,2.73,0.24
33176.68088,10.18473571,1.790606402,43.151,12.53,13.234,40.605904,11.1,30912.04406,8.438975,3.93,0.45
32034.43531,10.48160732,1.820504973,43.215,13.376,13.436,40.730312,11.3,29906.93792,8.387378,3.42,0.42
30899.47646,11.76971001,1.841195004,43.142,13.584,13.752,38.910217,11.1,25925.47388,8.172144,3.88,0.34
47905.47708,-2.898057536,2.914093489,48.531,26.247,0.072,42.130608,0.2,53772.46741,6.927884,5.47,0.53
44808.54921,0.122214384,2.981247114,45.512,23.278,0.096,40.244041,0,48824.98488,7.797653,5.36,0.41
44407.94207,0.799634991,2.944651358,44.793,23.18,0.11,38.580097,0,51243.68428,7.769598,4.63,0.46
43037.10381,1.837064158,2.917066277,44.756,23.241,0.1,37.582073,0,47972.22347,7.747934,3.77,0.44
40370.91761,0.65682461,3.05514206,44.963,25.172,0.059,37.610565,0,47491.41352,6.411551,3.64,0.53
41282.99547,-4.099243166,2.773457368,44.765,24.121,0.06,36.357128,0,52148.73368,3.683691,4.04,0.5
38975.93653,-3.033895175,2.515412389,46.425,24.498,0.074,36.185223,0,47963.95498,3.79897,5.39,0.73
37291.22597,-1.525675758,2.403002599,46.462,23.887,0.099,40.808071,0,43125.95105,3.898582,5.31,0.45
34152.88166,-4.272723521,2.393372907,48.005,23.981,0.107,39.83181,0,40328.31992,4.830782,4.71,0.47
32918.10772,-1.90641469,2.419163315,46.393,23.997,0.11,37.593121,0,38091.59747,5.507644,5.31,0.43
30790.00396,2.18458284,2.510845037,45.583,24.622,0.114,35.009655,0,32848.67474,5.406289,5.88,0.33
33866.75977,6.406824763,1.279955628,32.767,5.693,11.163,43.041157,1.2,16641.88067,5.762793,19.38,0.59
31228.85888,5.753311953,1.246171971,33.536,5.805,11.204,41.048111,1.2,14834.53555,6.753039,16.16,0.56
29444.31833,5.676438577,1.457111285,33.236,5.726,11.089,40.508533,1.3,14215.92618,6.191967,13.14,0.58
29107.89112,4.135953366,1.420892712,32.087,5.652,10.857,40.421608,1.4,16405.54702,7.355543,9.43,0.69
27596.45861,2.537240464,1.713013598,31.63,5.443,10.973,40.439819,1.5,15517.39835,8.631536,13.11,0.55
44929.94942,-1.347410673,2.724844126,44.025,13.022,12.792,41.13372,0.9,35856.28545,8.811286,6.71,0.72
42501.61153,-0.451939939,2.870184761,43.855,13.253,12.688,40.524899,0.9,34793.88528,9.367311,6.59,0.47
41749.86473,-0.002659574,3.14750818,43.814,13.395,12.659,40.308151,0.9,40680.14281,8.657802,5.63,0.7
41492.91842,0.947506867,3.271372008,43.616,12.786,12.606,39.992779,0.9,40209.10777,8.186392,5.29,0.61
40916.64733,1.052829479,3.618062809,42.033,12.283,12.077,39.377258,1,41496.64912,7.774969,6.25,0.53
38982.16869,3.266773475,3.705320262,40.788,12.05,12.105,39.207012,1,37972.25819,8.386981,5.72,0.52
38008.61163,3.290883487,3.734021689,40.934,12.711,12.183,39.388084,0.9,38546.71448,8.237782,5.17,0.67
40083.70194,-0.406593522,3.536968316,41.207,12.696,11.53,38.289055,1,43763.56603,6.362757,7.34,0.45
37799.16769,-0.703710271,3.337041567,41.508,12.539,11.461,39.297249,1,39994.42696,6.853993,6.91,0.54
34413.34505,-1.029839542,3.332155098,42.154,12.767,11.746,38.451385,1.1,34303.03406,7.714881,4.99,0.68
32051.76289,0.50873862,3.323698895,42.114,12.903,11.484,37.541725,1.2,32213.04534,8.37867,4.92,0.81
31173.2947,2.453773984,3.309072208,41.822,12.732,11.209,38.172512,1.2,31345.99306,8.816031,4.35,0.54
29019.84539,1.526458173,3.298221405,42.388,13.133,11.318,37.934616,1.1,26951.96123,9.016909,3.14,0.26
29088.94793,-16.91248287,1.131093778,38.912,6.23,11.512,42.479965,1.6,15780.2661,21.48901,4.82,0.68
27823.31489,-16.99699572,0.993937565,38.696,5.895,10.943,40.979172,2.3,15012.87441,23.54104,5.7,0.73
26902.32761,-15.46614626,0.961207155,36.635,5.729,10.61,40.063866,2.3,15026.319,24.90084,6.75,0.79
26838.58227,-13.80786051,0.833297289,36.003,5.909,10.397,38.66687,2.2,18024.08806,26.49027,7.85,0.59
26097.79752,-16.39343469,0.811312099,35.736,5.967,10.713,37.168961,12.1,17633.10925,27.46715,5.51,0.41
26141.09103,-8.863405381,0.671962477,33.641,4.776,10.693,32.736923,20.1,20538.34572,17.87071,7.95,0.58
28169.37708,-6.900527227,0.598376915,32.036,3.988,10.949,31.15996,20.7,21801.27771,12.71716,5.51,0.59
30388.35209,-1.125222189,0.625568914,30.751,4.472,10.167,29.599367,20.2,24350.9624,9.615903,8.79,0.52
30855.93577,-3.841099933,0.661832067,31.802,4.568,10.738,28.454678,22.5,26198.01014,7.760761,9.86,0.64
29289.73554,-1.228849582,0.57654971,31.797,4.536,10.718,28.066544,21.1,23853.20836,8.397298,5.71,0.43
28514.6294,-0.053997809,0.561182043,31.048,4.359,10.259,27.022612,21.7,20743.33504,9.008785,7.9,0.42
25577.44544,-2.862017662,0.578956184,31.872,4.376,10.709,25.663805,22,19286.50032,9.994969,6.5,0.35
25437.33352,1.154777466,0.527303336,30.462,4.102,10.515,25.493637,32.5,18593.97523,10.59146,5.77,0.33
23870.44922,0.930544036,0.546536615,31.488,4.089,11.005,23.732121,32.7,15720.81018,9.793463,6.77,0.42
27699.63085,7.022231316,1.190070996,39.149,5.225,13.006,30.400248,7.1,10357.7211,5.119285,7.94,0.46
26668.04086,7.292160926,1.346519917,38.655,5.279,12.49,32.12635,7.5,9873.288292,6.817803,7.92,0.53
25604.98829,7.461222078,1.349144472,38.006,5.233,12.354,32.109055,8.5,11135.19449,7.728486,9.33,0.39
24498.17908,6.847642407,1.386912396,37.955,5.324,12.383,30.876373,8.8,10877.88343,10.18524,9.68,0.57
22894.34764,6.62322065,1.186210703,36.25,5.024,12.35,28.107714,7.6,10845.92469,11.03269,6.29,0.52
21586.03607,5.947094522,1.137599186,37.266,6.497,11.696,26.019491,8.2,10096.54244,11.17377,7.13,0.42
20693.72508,5.568750979,1.130681514,38.946,7.297,12.619,25.0688,8,10006.04094,10.02932,9.13,0.53
20696.72857,3.289431569,0.978742799,39.451,7.604,13.195,23.960701,8.4,12149.6318,7.817173,6.61,0.66
19044.41873,3.740727567,0.955952191,39.386,7.159,13.248,21.989632,17.7,10664.08347,7.406472,6.86,0.49
18339.61801,8.016579024,0.978574906,36.532,6.653,12.116,20.717684,20.9,8975.387308,7.494521,6.04,0.5
17073.55144,7.460085505,0.921388158,36.535,6.543,11.914,19.573023,22.4,8840.163432,7.188301,1.88,1.69
16228.99398,5.735238688,0.861230081,37.016,6.568,11.749,18.881723,22.9,8082.055847,6.079033,4.29,0.68
15464.41131,1.498721832,0.918650759,37.248,7.015,12.069,16.786734,40.4,6630.006248,5.869752,6.53,0.5
40884.61637,2.749556412,3.212540351,31.37,5.904,12.523,60.426178,7.5,31107.44895,2.808333,4.68,0.44
39183.46568,0.076253978,3.400218535,30.273,5.722,12.012,58.585857,7.5,30650.29064,3.591667,3.83,0.25
39008.36056,0.649770991,3.314959827,28.862,5.549,11.79,58.368496,7.5,32488.22596,4.025,3.72,0.55
112701.6597,16.09582399,1.268520652,38.708,9.143,11.075,51.395588,1.7,60887.9248,5.516146,9.05,0.55
110249.797,13.71510402,1.25831022,37.936,9.351,10.76,51.431648,1.7,56279.72107,6.285928,9.19,0.56
103787.9676,15.09578669,1.272044026,37.362,9.143,10.752,49.945854,2,55795.44158,6.658826,10.19,0.75
100933.6045,15.18747112,1.264036617,37.572,8.688,10.706,52.928135,2,65253.56929,5.854882,7.14,0.6
95246.11389,14.57998821,1.302660068,38.293,8.736,11.124,48.131443,1.9,62617.19921,5.836521,8.69,0.49
28504.87055,-5.103428516,0.514593848,31.119,6.574,8.358,41.608852,1.7,12356.80722,8.716354,14.15,0.63
26407.2164,-5.011698264,0.440320657,31.202,6.339,8.255,42.097309,1.7,11021.38714,9.641258,14.19,0.51
24833.61221,-8.85834484,0.623107572,30.156,5.94,8.346,39.870365,1.8,10423.15779,9.875636,14.11,0.52
22690.93592,-16.51861501,0.611761235,29.381,5.792,8.484,40.700375,1.9,11348.43025,11.8683,13.25,0.61
19797.9817,-16.19732396,0.696054811,28.361,5.599,8.685,35.106369,2.6,10349.66472,16.21216,11.85,0.53
17602.6486,-2.357425549,0.609786078,28.778,6.223,8.662,34.697613,1.5,8601.764483,19.48375,9.68,0.5
16934.42506,5.970237291,0.451313002,28.325,5.366,9.253,31.628628,2.1,10201.79908,17.55346,10.51,0.55
19462.46017,2.824386871,0.580379629,28.017,5.99,7.961,28.819571,2.3,12526.91312,7.739463,6.53,0.38
18120.21118,-11.32406268,0.553854766,28.334,5.695,7.852,25.688435,3,10598.61957,6.063879,4.46,0.18
15740.26585,-12.046148,0.65093289,28.741,5.602,8.052,23.018604,3.5,7228.752789,7.043975,6.53,0.42
13837.15253,-6.891618704,0.530005279,27.938,5.397,7.933,21.733368,4.2,5826.425416,10.03827,6.65,0.59
20022.66121,12.97678505,0.328431066,16.09,3.44,2.134,22.555721,17,7216.957154,3.437955,14.14,0.64
18167.51795,14.18411558,0.435489806,13.702,2.943,2.165,20.312202,18.8,8516.122634,4.831418,18.99,0.93
17461.79827,12.22794741,0.425028177,13.304,2.615,2.162,20.856949,18.6,8242.838989,4.94338,14.83,0.77
55348.89184,8.786828954,1.983076519,38.701,8.341,13.807,46.594383,4.4,40544.91198,4.840418,9.92,0.89
52284.12262,10.25361424,1.996846558,38.401,7.1,14.668,45.223412,4.5,37565.62864,6.00791,11,0.65
50301.84562,9.548434785,1.984873799,37.007,7.595,13.975,45.087276,4.6,37476.884,6.87228,7.21,0.32
49233.23035,9.86351126,1.975677482,37.047,6.936,14.685,44.287262,5,43366.92098,7.416319,9.46,0.63
49242.78671,8.552130956,1.929865453,36.109,6.788,14.743,42.863594,5.2,43399.31555,7.242696,9.27,0.58
46599.22766,6.63514861,1.881314735,35.443,7.363,13.603,39.784946,5.5,45274.35638,4.976648,8.21,0.58
45075.08525,5.741327173,1.704039663,35.656,7.665,12.943,40.803711,5.7,41980.65207,4.989325,7.22,0.43
44600.8648,7.492734701,1.665701089,34.939,7.713,12.617,40.122009,5.6,42737.00839,4.347569,7.19,0.7
46419.04259,3.629003321,1.622687338,35.946,6.526,13.307,39.766335,5.9,46346.51663,3.655021,5.2,0.47
43892.69768,1.754470097,1.670300564,35.685,6.689,12.448,36.696419,6,43369.92973,4.154393,5.18,0.56
40964.57503,1.79334845,1.740667116,36.047,6.4,12.964,35.957436,7.2,37844.04846,5.004153,5.4,0.5
37625.25244,2.48856717,1.77387939,35.013,6.155,12.08,35.375629,13,34460.35392,5.873712,4.34,0.31
35776.83056,4.273488638,1.789013879,34.809,5.58,12.923,34.481209,13.2,33786.47733,4.557948,5.11,0.44
34112.96121,4.653205219,1.78389657,34.804,6.096,12.848,32.107986,13.3,29731.29694,3.682191,3.6,0.5
60357.28051,10.33783193,1.935260327,38.428,10.75,10.441,48.138676,0.9,61358.97848,4.295396,5.66,0.51
65895.66761,8.206887462,1.715061764,38.792,9.839,9.945,49.008167,9,78060.26541,3.484511,5.65,0.55
66956.28596,7.415116147,1.652377033,39.867,9.898,9.503,46.648712,1.6,80857.49657,3.422888,6.25,0.41
62077.8458,5.87246483,1.627123451,42.025,9.705,9.255,46.807133,1.8,77242.73864,3.214387,6.94,0.44
57961.36037,4.019560584,1.649988289,41.896,9.891,9.369,47.255039,1.8,68568.62814,3.521047,7.72,0.33
55414.35907,5.221727575,1.724720103,41.202,9.917,9.587,46.829773,1.9,61977.22888,3.1025,8.53,0.36
61719.34366,3.75815705,1.554480283,41.375,8.887,8.601,45.578697,2.1,73176.00282,2.549649,8.7,0.43
55874.24183,0.939591445,1.564574182,42.093,9.346,8.703,42.6511,2.3,66164.31934,2.495641,6.18,0.45
54091.40767,-0.424791714,1.455315282,42.834,8.859,8.508,41.545238,2.5,57480.23044,3.399901,8.9,0.47
47800.54063,9.689828115,1.482386568,42.601,9.453,8.706,40.902966,2.7,52451.97855,4.380952,9.11,0.33
29801.80939,0.309083285,1.034432838,34.137,4.983,12.817,43.526325,12,11650.39516,4.887239,8.85,0.78
27947.39031,1.467076114,0.964082384,33.537,4.84,12.696,43.47826,12.1,10418.9751,6.161703,10.66,0.61
26529.0368,-0.432299228,1.003236785,32.352,4.665,12.417,43.193764,12.2,10652.35124,7.50308,9.21,0.48
25297.95045,-0.351500851,0.939776684,31.864,4.576,12.094,42.60154,12.9,12172.41081,8.990872,9.21,0.48
24422.76391,-0.057772422,0.870531929,31.943,4.479,12.229,41.82151,13.1,11731.31618,10.32862,9.28,0.5
22576.17938,-1.077897229,0.745884669,31.849,4.331,11.119,38.998249,16,11868.28496,9.632815,9.03,0.39
13341.93477,2.729313683,0.552514195,31.919,3.98,12.087,23.180305,20.8,5522.825315,18.97837,8.78,0.39
30910.71873,2.477327291,0.886158945,33.104,3.365,14.526,35.065048,1.1,13785.4743,8.130965,11.8,0.71
29651.53478,2.905752569,0.790779638,32.336,3.299,14.067,33.372261,1.1,12940.10615,9.671689,9.45,0.67
29932.19634,3.088070761,1.162604,32.081,3.113,13.724,31.312998,1.5,12511.69478,11.48227,9.64,0.5
28992.07463,1.365121324,0.878138858,31.131,2.99,13.397,29.826096,1.5,14531.5143,13.18428,10.9,0.52
27969.20012,0.78769441,0.821568759,30.277,2.932,13.277,29.674646,1.5,14230.30025,14.22133,9.52,0.62
26051.13771,1.803654808,0.65778759,28.619,2.832,12.091,25.505198,1.8,13890.81192,13.61758,14.2,0.4
36660.87157,4.562811706,1.866354669,36.275,5.148,14.512,44.566971,0,18407.23839,6.569075,6.85,0.46
33875.00658,3.372777807,2.011449666,36.505,5.25,14.476,42.977364,0,16688.05651,8.006598,8.02,0.47
31640.32549,2.788719306,2.19564741,36.328,5.087,14.425,40.758549,0,15925.29139,8.962607,5.91,0.39
30872.72327,2.417247962,2.3654796,36.201,5.07,14.276,38.080215,0,18954.98823,9.673278,6.33,0.51
29979.62248,2.418934995,2.564868238,36.423,5.103,14.541,37.393593,0,18064.11477,10.10859,6.45,0.46
28931.42188,2.957984548,2.412971178,36.475,5.573,14.654,33.815281,0,19626.6507,8.169436,3.65,0.59
27842.26253,4.375855116,2.051325096,36.898,5.572,14.845,31.307655,0,18452.07314,7.237447,4.65,0.45
27537.36684,5.991245436,1.811841184,36.212,5.714,14.588,30.383877,0,19487.96931,5.847313,5.36,0.32
29594.66035,8.517173855,1.626731841,36.388,5.747,13.758,30.041327,0.1,22017.57786,4.375046,6.4,0.46
27531.35455,8.853412002,1.427033587,37.066,5.46,13.438,30.066837,8.5,19181.34545,4.824745,4.78,0.39
25676.87099,10.55931848,1.537052303,37.646,5.657,13.765,27.004595,9.4,15951.84434,5.952952,4.63,0.33
23848.6054,9.271807544,1.417775545,37.953,5.424,13.973,24.686516,12,14687.25913,6.503201,4.36,0.5
22737.36512,6.772307916,1.370263966,37.432,5.631,13.908,24.868273,13.5,13887.36205,6.294299,2.6,0.44
21083.56203,6.237491261,1.247916446,37.335,5.606,13.873,23.663876,14.8,12052.65347,6.675458,4.05,0.26
52692.84472,13.31312671,3.365731482,44.385,13.286,9.677,47.388306,0.5,45159.05871,6.718704,7.29,0.65
50433.85215,13.91086233,3.246796333,44.208,13.16,10.007,47.215698,0.5,43722.9401,6.991096,7.58,0.72
48974.93343,12.14780133,3.22832212,43.064,12.517,9.636,46.408928,0.5,43167.11113,7.432082,7.16,0.51
47045.69647,13.91912248,3.111003711,42.54,12.166,9.862,45.978123,0.6,50568.00608,7.955972,6.71,0.4
46138.35625,13.37409682,3.27270808,42.859,12.164,9.981,44.817905,0.6,51587.76632,8.052903,8.25,0.61
44503.73672,10.93441352,3.194530561,42.454,11.688,9.888,42.86599,0.6,50888.76539,7.80387,5.8,0.63
42211.02568,9.966540599,3.17098182,43.172,12.03,10.916,42.23127,0.6,44707.62471,8.610753,4.88,0.56
40589.80299,8.367098551,3.255560531,44.917,13.867,11.769,39.952,0.6,46692.87311,6.163466,4.15,0.43
37429.07412,5.717073407,3.498726155,45.915,14.629,11.768,39.131115,0.7,40373.92445,7.068759,3.45,0.55
34029.08523,3.618863579,3.380828308,46.563,14.691,12.505,37.286453,0.7,36975.19344,7.475815,4.04,0.59
33609.0013,4.281634571,3.383194594,45.6,14.496,12.538,42.302197,0.7,36115.35933,6.525636,3.71,0.42
31583.63864,5.566390538,3.601756421,45.415,14.388,12.801,40.438534,0.7,31795.67179,5.677462,4.12,0.34
